,cluster,component,entities,avg.subscriberCount,cooRshare_ratio.avg,cooRscore.avg,pageAdminTopCountry,facebook_page,facebook_group,facebook_profile,unique.full_domain,unique.parent_domain,gini.full_domain,gini.parent_domain,Coder,State_rec,Topic,top.full_domain,top.parent_domain
1,1,1,"2,00",9147.5,0.318840579710145,7,GB,2,0,0,6,6,0.142857142857143,0.142857142857143,R,POL,"no vax, covid negationists","nczas.com, medianarodowe.com, odkrywamyzdrowie.pl, robertbrzoza.pl, wgospodarce.pl, zmianynaziemi.pl","nczas.com, medianarodowe.com, odkrywamyzdrowie.pl, robertbrzoza.pl, wgospodarce.pl, zmianynaziemi.pl"
10,10,9,"4,00",3118.5,0.263107546048723,4.66666666666667,NA,0,4,0,3,3,0.818181818181818,0.818181818181818,R,FIN,Anti climate change,"www.youtube.com, notrickszone.com, www.iceagenow.info","youtube.com, notrickszone.com, iceagenow.info"
11,11,10,3,920,0.484848484848485,4,US,3,0,0,4,4,0.0769230769230769,0.0769230769230769,S,USA,Pro Republican Party,"www.youtube.com, bigleaguepolitics.com, stream.org, www.theepochtimes.com","youtube.com, bigleaguepolitics.com, stream.org, theepochtimes.com"
12,12,11,16,13486.5625,0.202691810911265,5.45104166666667,NA,0,16,0,60,55,0.689841304113138,0.685774946921444,S,USA,Pro Republican Party,"www.youtube.com, www.thegatewaypundit.com, i.redd.it, rumble.com, welovetrump.com, www.worldviewweekend.com, justthenews.com, beta.documentcloud.org, www.bitchute.com, childrenshealthdefense.org, www.theepochtimes.com, halturnerradioshow.com, thefederalist.com, vimeo.com, www.oann.com, pbs.twimg.com, share.par.pw, trendingpolitics.com, usanetwork.info, www.thecollegefix.com, 100percentfedup.com, adrenogate.wordpress.com, deepclips.com, defconnews.com, djhjmedia.com, envirowatchrangitikei.wordpress.com, image-cdn.parler.com, nypost.com, politicalhotwire.com, realrawnews.com, reformationcharlotte.org, tv.gab.com, www.blabber.buzz, www.lifesitenews.com, www.stevegruber.com, beforeitsnews.com, bongino.com, brandnewtube.com, btnews.online, dcdirtylaundry.com, flagandcross.com, gab.com, holidravel.com, kfyi.iheart.com, litefm.iheart.com, nationsinaction.org, patriotpost.us, populist.press, redstory.info, snoopack.com, summit.news, tass.com, themarshallreport.wordpress.com, therepublicpost.wordpress.com, trumpers.online, www.americanlibertyreport.com, www.breitbart.com, www.diamondandsilk.com, www.toddstarnes.com, www.wnd.com","youtube.com, thegatewaypundit.com, redd.it, rumble.com, welovetrump.com, worldviewweekend.com, justthenews.com, bitchute.com, documentcloud.org, wordpress.com, childrenshealthdefense.org, theepochtimes.com, halturnerradioshow.com, oann.com, thefederalist.com, vimeo.com, gab.com, par.pw, thecollegefix.com, trendingpolitics.com, twimg.com, usanetwork.info, 100percentfedup.com, blabber.buzz, deepclips.com, defconnews.com, djhjmedia.com, iheart.com, lifesitenews.com, nypost.com, parler.com, politicalhotwire.com, realrawnews.com, reformationcharlotte.org, stevegruber.com, americanlibertyreport.com, beforeitsnews.com, bongino.com, brandnewtube.com, breitbart.com, btnews.online, dcdirtylaundry.com, diamondandsilk.com, flagandcross.com, holidravel.com, nationsinaction.org, patriotpost.us, populist.press, redstory.info, snoopack.com, summit.news, tass.com, toddstarnes.com, trumpers.online, wnd.com"
13,13,12,4,835.25,0.458638583638584,4.16666666666667,NA,0,4,0,2,2,0.454545454545455,0.454545454545455,R,USA,Pro Larouche and Trump,"www.youtube.com, www.worldviewweekend.com","youtube.com, worldviewweekend.com"
14,14,8,"57,00",86859.9298245614,0.262278154349917,4.31376007606658,NA,0,57,0,57,54,0.817771428571428,0.821041509433962,R,MEX,Populism/ morena party,"www.youtube.com, www.sinembargo.mx, www.tunota.com, www.noticiaszmg.com, www.lechuguinos.com, gauchadiario.home.blog, chaco24noticias.medios.com.ar, lamatrixholografica.wordpress.com, cubasi.cu, plataforma.quieroauditoriaenergetica.org, adribosch.wordpress.com, nacionunida.com, www.info-mundo.com, morenamlovers.com, opanoticias.com, www.upsocl.com, canal44.com, diariolalibertad.com, elcontramedio.com, facundoquiroga.com, insurgente.org, themillenniumreport.com, www.politicayestilo.com, 4tinfomex.com, actualidad.rt.com, breaking.com.mx, revoluciontrespuntocero.mx, twitter.com, www.anonymousweb.mx, www.denleaks.com, www.despiertacultura.com, www.elindependiente.sv, www.fort-russ.com, www.lavanguardia.com, www.libertaddigital.com, www.periodicoelprogreso.com, www.politicaatual.com, www.worldviewweekend.com, alpunto.com.co, bigtimenews.home.blog, ciudadvalencia.com.ve, conlagentenoticias.com, elpopular.pe, gestion.pe, healthandmoneynews.wordpress.com, intriper.com, libertaddigital.news, machoalfaseguridad.com, quintafuerza.mx, summit.news, www.colimanoticias.com, www.colombiaindignada.com, www.diariodemexico.com, www.eulixe.com, www.mentealternativa.com, www.telesurtv.net, www.weblyf.com","youtube.com, sinembargo.mx, tunota.com, noticiaszmg.com, wordpress.com, lechuguinos.com, home.blog, medios.com.ar, cubasi.cu, quieroauditoriaenergetica.org, info-mundo.com, nacionunida.com, morenamlovers.com, opanoticias.com, upsocl.com, canal44.com, diariolalibertad.com, elcontramedio.com, facundoquiroga.com, insurgente.org, politicayestilo.com, themillenniumreport.com, 4tinfomex.com, anonymousweb.mx, breaking.com.mx, denleaks.com, despiertacultura.com, elindependiente.sv, fort-russ.com, lavanguardia.com, libertaddigital.com, periodicoelprogreso.com, politicaatual.com, revoluciontrespuntocero.mx, rt.com, twitter.com, worldviewweekend.com, alpunto.com.co, ciudadvalencia.com.ve, colimanoticias.com, colombiaindignada.com, conlagentenoticias.com, diariodemexico.com, elpopular.pe, eulixe.com, gestion.pe, intriper.com, libertaddigital.news, machoalfaseguridad.com, mentealternativa.com, quintafuerza.mx, summit.news, telesurtv.net, weblyf.com"
15,15,13,2,1882,0.20510752688172,4,NA,0,2,0,8,8,0.338345864661654,0.338345864661654,S,USA,Pro Trump/ Soft News,"www.youtube.com, www.bitchute.com, strangesounds.org, www.dickmorris.com, www.shockya.com, www.theblaze.com, tass.com, www.minareport.com","youtube.com, bitchute.com, dickmorris.com, shockya.com, strangesounds.org, theblaze.com, minareport.com, tass.com"
16,16,14,"2,00",5950,0.258974358974359,4,NA,0,2,0,3,3,0.454545454545455,0.454545454545455,S,FRA,Pro Putin,"www.youtube.com, planetes360.fr, www.cybercomnet.fr","youtube.com, cybercomnet.fr, planetes360.fr"
17,17,15,"2,00",6570.5,0.264880952380952,4,NA,0,2,0,11,11,0.551351351351352,0.551351351351352,S,NLD,Pro Opposition/ Soft News,"www.youtube.com, commonsensetv.nl, www.bitchute.com, dewaarheid, www.stopworldcontrol.com, halturnerradioshow.com, healthimpactnews.com, indignatie.nl, themarshallreport.wordpress.com, www.gilmorehealth.com, www.worldtribune.com","youtube.com, bitchute.com, commonsensetv.nl, NA.NA, stopworldcontrol.com, gilmorehealth.com, halturnerradioshow.com, healthimpactnews.com, indignatie.nl, wordpress.com, worldtribune.com"
18,18,16,"2,00",691,0.233766233766234,4,NA,0,2,0,3,3,0.4,0.4,S,ESP,Information on Differnt tiopcs,"www.youtube.com, cazadebunkers.wordpress.com, www.alertadigital.com","youtube.com, alertadigital.com, wordpress.com"
19,19,17,"2,00",23291.5,0.390350877192982,4,NA,0,2,0,3,3,0.7,0.7,S,PHL,Pro Opposition/ Soft News,"www.youtube.com, beforeitsnews.com, www.happytayo.info","youtube.com, beforeitsnews.com, happytayo.info"
2,2,2,"26,00",8164.61538461538,0.223477204292127,4.78901098901099,NA,0,26,0,41,39,0.56614730878187,0.584613090800656,R,SVK,negationists and pro-Putin,"www.youtube.com, www.eurorespekt.sk, www.otevrisvoumysl.cz, www.infovojna.sk, aeronet.cz, otevrisvoumysl.cz, www.parlamentnilisty.cz, beforeitsnews.com, www.arfa.cz, www.dolezite.sk, www.hlavnespravy.sk, ceskavec.com, slovenskespravy.sk, www.badatel.net, rumble.com, www.hlavnydennik.sk, rizikavakcin.org, cz24.news, www.conservativebeaver.com, www.qapel.cz, www.reformy.cz, megarecepty.sk, presstv.sk, www.bitchute.com, zemavek.sk, www.videoportal22.cz, ac24.cz, blog.hlavnespravy.sk, ceskoaktualne.cz, occasion-to-be.com, svobodnenoviny.eu, tadesco.org, uloz.to, videos.utahgunexchange.com, www.thegatewaypundit.com, www.worldviewweekend.com, yournewswire.com, aobrempongnana.wordpress.com, pravyprostor.cz, www.funmagazin.sk, www.theepochtimes.com","youtube.com, eurorespekt.sk, otevrisvoumysl.cz, infovojna.sk, aeronet.cz, parlamentnilisty.cz, hlavnespravy.sk, arfa.cz, beforeitsnews.com, dolezite.sk, badatel.net, ceskavec.com, slovenskespravy.sk, hlavnydennik.sk, rumble.com, rizikavakcin.org, conservativebeaver.com, cz24.news, qapel.cz, reformy.cz, bitchute.com, megarecepty.sk, presstv.sk, zemavek.sk, videoportal22.cz, ac24.cz, ceskoaktualne.cz, occasion-to-be.com, svobodnenoviny.eu, tadesco.org, thegatewaypundit.com, uloz.to, utahgunexchange.com, worldviewweekend.com, yournewswire.com, funmagazin.sk, pravyprostor.cz, theepochtimes.com, wordpress.com"
20,20,18,2,24609516,0.422222222222222,4,US,2,0,0,2,2,0.5,0.5,S,USA,Verified Media TV Account,"www.youtube.com, www.theepochtimes.com","youtube.com, theepochtimes.com"
21,21,5,"4,00",65164,0.164356384187346,4.32916666666667,NA,0,4,0,16,16,0.472222222222222,0.472222222222222,S,BRA,Pro Bolsonaro,"www.estudosnacionais.com, www.youtube.com, agoranoticiasbrasil.com.br, anonymousincision.wordpress.com, midiasemmascara.net, gazetabrasil.com.br, brasilsemmedo.com, www.opiniaocritica.com.br, www.theepochtimes.com, ac24horas.com, agazetta.com.br, boletimdobrasil.com, noticiasrecentes.com.br, questione-se.com, tercalivre.com.br, www.daynews.com.br","estudosnacionais.com, youtube.com, agoranoticiasbrasil.com.br, midiasemmascara.net, wordpress.com, gazetabrasil.com.br, brasilsemmedo.com, opiniaocritica.com.br, theepochtimes.com, ac24horas.com, agazetta.com.br, boletimdobrasil.com, daynews.com.br, noticiasrecentes.com.br, questione-se.com, tercalivre.com.br"
22,22,19,"5,00",5293,0.286130899453295,4.95,NA,0,5,0,8,8,0.492857142857143,0.492857142857143,S,GRC,Nationalist ,"amazonios.net, www.youtube.com, www.e-synews.gr, ethernews.com, fonirodopis.gr, halithheia.blogspot.com, www.pronews.gr, www.omorfhzwh.gr","amazonios.net, youtube.com, e-synews.gr, ethernews.com, fonirodopis.gr, halithheia.blogspot.com, pronews.gr, omorfhzwh.gr"
23,23,20,"2,00",15511,0.198051948051948,4,NA,0,2,0,6,6,0.6,0.6,S,GRC,Nationalist,"www.youtube.com, www.e-synews.gr, amazonios.net, www.el.gr, www.ethnikosfaros.gr, www.pronews.gr","youtube.com, e-synews.gr, amazonios.net, el.gr, ethnikosfaros.gr, pronews.gr"
24,24,21,"3,00",74798,0.160578386605784,4,NA,0,3,0,13,13,0.522522522522522,0.522522522522522,R,UKR,patriotism,"www.youtube.com, shock-news.site, actual.today, elise.com.ua, nova.kraina.biz.ua, proua.com.ua, ukr-space.com, 1newsblog.ru, kiev.informer.biz.ua, minskblog.livejournal.com, newsname.info, ukrmir.info, unia.net.ua","youtube.com, shock-news.site, actual.today, elise.com.ua, kraina.biz.ua, proua.com.ua, ukr-space.com, 1newsblog.ru, informer.biz.ua, livejournal.com, newsname.info, ukrmir.info, unia.net.ua"
25,25,22,"2,00",34915.5,0.191410392364793,5,NA,0,2,0,4,4,0.541666666666667,0.541666666666667,S,PHL,Pro Rodrigo Durtete,"www.youtube.com, philnetizen.com, www.insiderph.com, www.asianpolicy.press","youtube.com, philnetizen.com, insiderph.com, asianpolicy.press"
26,26,23,4,3866.75,0.242478239702188,5.16666666666667,NA,0,4,0,10,10,0.62962962962963,0.62962962962963,S,USA,Pro Trump,"www.thegatewaypundit.com, www.youtube.com, noqreport.com, thefederalist.com, www.frontpagemag.com, beta.documentcloud.org, childrenshealthdefense.org, nationalfile.com, puresocial.tv, www.bitchute.com","thegatewaypundit.com, youtube.com, noqreport.com, frontpagemag.com, thefederalist.com, bitchute.com, childrenshealthdefense.org, documentcloud.org, nationalfile.com, puresocial.tv"
27,27,24,3,1910,0.124817834495254,4.5,NA,0,3,0,7,7,0.363636363636364,0.363636363636364,R,USA,far right-wing and pro-Trump groups,"www.thegatewaypundit.com, nationalfile.com, www.youtube.com, twitter.com, www.ntd.com, www.theepochtimes.com, saraacarter.com","thegatewaypundit.com, nationalfile.com, youtube.com, ntd.com, theepochtimes.com, twitter.com, saraacarter.com"
28,28,25,"3,00",10884.6666666667,0.157080380918823,4,NA,0,3,0,18,18,0.511764705882353,0.511764705882353,S,ESP,Nationalist,"www.youtube.com, www.lanaciondigital.es, altavozdesucesos.es, www.ladialecticanacional.es, casoaislado.com, elcierredigital.com, maspalomasahora.com, mpr21.info, plataforma.quieroauditoriaenergetica.org, tormenta78.com, twitter.com, www.cope.es, www.eldiestro.es, www.espanaesvoz.es, www.larazon.es, www.lasvocesdelpueblo.com, www.libertaddigital.com, www.periodistadigital.com","youtube.com, lanaciondigital.es, altavozdesucesos.es, ladialecticanacional.es, casoaislado.com, cope.es, elcierredigital.com, eldiestro.es, espanaesvoz.es, larazon.es, lasvocesdelpueblo.com, libertaddigital.com, maspalomasahora.com, mpr21.info, periodistadigital.com, quieroauditoriaenergetica.org, tormenta78.com, twitter.com"
29,29,26,"22,00",37810,0.156971376540506,4.65145687645688,NA,0,22,0,68,65,0.658467864757844,0.658482142857143,R,FRA,Yellow vests,"www.youtube.com, planetes360.fr, issues.fr, www.francesoir.fr, www.gj-magazine.com, www.profession-gendarme.com, www.revolutionpermanente.fr, www.aubedigitale.com, latableronde.over-blog.com, reseauinternational.net, www.medias-presse.info, www.sante-corps-esprit.com, canal6.com.hn, lemediapourtous.fr, moneyrang.org, resistancerepublicaine.com, www.i24news.tv, www.lanceurdalerte.info, blogs.mediapart.fr, lesmoutonsrebelles.com, www.geopolintel.fr, www.pourquoidocteur.fr, covidinfos.net, olivierdemeulenaere.wordpress.com, www.agoravox.fr, www.wikistrike.com, dissinews.wordpress.com, fr.sott.net, lereveilcitoyen.fr, michelledastier.com, breizatao.com, gerardinfo.fr, humansarefree.com, linfopopular.net, lobservateur.info, shows.acast.com, www.alnas.fr, www.cnews.fr, www.mieuxvivre-votreargent.fr, www.minurne.org, www.pressenza.com, www.quartierlibre.tv, adribosch.wordpress.com, algerianext.com, aobrempongnana.wordpress.com, effetsante.com, lesobservateurs.ch, myjournal.fr, news.oddr.biz, realrawnews.com, resistancerepublicaine.eu, ripostelaique.com, share2give.eu, thefreedomarticles.com, tvgj.fr, twitter.com, www.adoxa.info, www.anguillesousroche.com, www.conservativebeaver.com, www.crashdebug.fr, www.europe-israel.org, www.femmeactuelle.fr, www.fr24news.com, www.godailsante.com, www.holidogtimes.com, www.lelibrepenseur.org, www.patriote.info, www.tvlibertes.com","youtube.com, planetes360.fr, issues.fr, francesoir.fr, gj-magazine.com, profession-gendarme.com, revolutionpermanente.fr, wordpress.com, aubedigitale.com, medias-presse.info, over-blog.com, reseauinternational.net, sante-corps-esprit.com, canal6.com.hn, i24news.tv, lanceurdalerte.info, lemediapourtous.fr, moneyrang.org, resistancerepublicaine.com, geopolintel.fr, lesmoutonsrebelles.com, mediapart.fr, pourquoidocteur.fr, agoravox.fr, covidinfos.net, wikistrike.com, lereveilcitoyen.fr, michelledastier.com, sott.net, acast.com, alnas.fr, breizatao.com, cnews.fr, gerardinfo.fr, humansarefree.com, linfopopular.net, lobservateur.info, mieuxvivre-votreargent.fr, minurne.org, pressenza.com, quartierlibre.tv, adoxa.info, algerianext.com, anguillesousroche.com, conservativebeaver.com, crashdebug.fr, effetsante.com, europe-israel.org, femmeactuelle.fr, fr24news.com, godailsante.com, holidogtimes.com, lelibrepenseur.org, lesobservateurs.ch, myjournal.fr, oddr.biz, patriote.info, realrawnews.com, resistancerepublicaine.eu, ripostelaique.com, share2give.eu, thefreedomarticles.com, tvgj.fr, tvlibertes.com, twitter.com"
3,3,3,"3,00",9384.33333333333,0.334887334887335,4,NA,0,3,0,10,10,0.514619883040936,0.514619883040936,S,SRB,Right-wing,"www.logicno.com, borbazaistinu.rs, healthimpactnews.com, www.bitchute.com, www.youtube.com, flash.hr, portal.braniteljski-forum.com, sirokibrijeg.info, www.maxportal.hr, zajednohrvatska.wordpress.com","logicno.com, bitchute.com, borbazaistinu.rs, healthimpactnews.com, youtube.com, braniteljski-forum.com, flash.hr, maxportal.hr, sirokibrijeg.info, wordpress.com"
30,30,27,"6,00",23855,0.119404826961941,4.75,NA,0,6,0,23,21,0.665120593692022,0.666326530612245,S,DEU,Miscellaneous (Consipracist),"www.youtube.com, corona-transition.org, www.anonymousnews.ru, 2020news.de, connectiv.events, www.wochenblick.at, heimdallwardablog.wordpress.com, einreich.de, nachrichten.es, streamable.com, vimeo.com, www.meinbezirk.at, ddbnews.wordpress.com, europastatteu173048587.wordpress.com, laufpass.com, liebeisstleben.de, nbc25news.com, www.achgut.com, www.basel-express.ch, www.cashkurs.com, www.eike-klima-energie.eu, www.heise.de, www.journalistenwatch.com","youtube.com, anonymousnews.ru, corona-transition.org, wordpress.com, 2020news.de, connectiv.events, wochenblick.at, einreich.de, meinbezirk.at, nachrichten.es, streamable.com, vimeo.com, achgut.com, basel-express.ch, cashkurs.com, eike-klima-energie.eu, heise.de, journalistenwatch.com, laufpass.com, liebeisstleben.de, nbc25news.com"
31,31,28,"2,00",14249.5,0.279220779220779,4,NA,0,2,0,5,5,0,0,S,JPN,US/Far-East Political regional News,"beforeitsnews.com, realrawnews.com, richardsonpost.com, rumble.com, www.youtube.com","beforeitsnews.com, realrawnews.com, richardsonpost.com, rumble.com, youtube.com"
32,32,29,"2,00",3809,0.227941176470588,4,NA,0,2,0,7,7,0.181818181818182,0.181818181818182,S,FRA,Soft News and Posts,"issues.fr, lagauchematuer.fr, www.medias-presse.info, www.revolutionpermanente.fr, drschmitz.lettre-medecin-sante.com, planetes360.fr, www.youtube.com","issues.fr, lagauchematuer.fr, medias-presse.info, revolutionpermanente.fr, lettre-medecin-sante.com, planetes360.fr, youtube.com"
33,33,30,"16,00",8139.875,0.264203857523442,4.39895833333333,NA,0,16,0,20,19,0.512571237009722,0.496815286624204,R,POL,anti-Western populist/negazionist pro-Putin groups,"www.bitchute.com, www.youtube.com, www.gloria.tv, m.cda.pl, www.petycjeonline.com, nczas.com, wolna-polska.pl, medycyna-komorkowa.com, stolikwolnosci.pl, noweateny.pl, natemat.pl, eglob24.pl, prawy.pl, odkrywamyzdrowie.pl, popularny.net, warszawskagazeta.pl, www.odkrywamyzakryte.com, www.wsj.com, stowarzyszenierkw.org, www.cda.pl","bitchute.com, youtube.com, gloria.tv, cda.pl, petycjeonline.com, nczas.com, wolna-polska.pl, medycyna-komorkowa.com, stolikwolnosci.pl, noweateny.pl, natemat.pl, eglob24.pl, prawy.pl, odkrywamyzakryte.com, odkrywamyzdrowie.pl, popularny.net, warszawskagazeta.pl, wsj.com, stowarzyszenierkw.org"
34,34,31,25,76.08,0.435040404040404,4.00333333333333,NA,0,25,0,6,6,0.645714285714286,0.645714285714286,R,USA,Pro trump,"www.theepochtimes.com, www.youtube.com, www.worldviewweekend.com, greatgameindia.com, cdn.discordapp.com, conservativefiringline.com","theepochtimes.com, youtube.com, worldviewweekend.com, greatgameindia.com, conservativefiringline.com, discordapp.com"
35,35,32,"3,00",6813.66666666667,0.135666185666186,5.5,NA,0,3,0,21,21,0.463636363636364,0.463636363636364,R,CAN,negationists and conspiracists,"www.youtube.com, www.bitchute.com, childrenshealthdefense.org, richardsonpost.com, rumble.com, healthandmoneynews.wordpress.com, www.greenmedinfo.com, halturnerradioshow.com, off-guardian.org, phibetaiota.net, principia-scientific.com, spectator.us, www.breitbart.com, www.conservativebeaver.com, www.theepochtimes.com, healthimpactnews.com, lockdownsceptics.org, murderbydecree.com, parler.com, thepointnews.uk, www.lifesitenews.com","youtube.com, bitchute.com, childrenshealthdefense.org, richardsonpost.com, rumble.com, greenmedinfo.com, wordpress.com, breitbart.com, conservativebeaver.com, halturnerradioshow.com, off-guardian.org, phibetaiota.net, principia-scientific.com, spectator.us, theepochtimes.com, healthimpactnews.com, lifesitenews.com, lockdownsceptics.org, murderbydecree.com, parler.com, thepointnews.uk"
36,36,33,"3,00",12285,0.117741800535475,4,NA,0,3,0,10,10,0.466666666666667,0.466666666666667,S,ESP,Soft News/ Miscellaneous ,"www.youtube.com, www.lanaciondigital.es, www.alertadigital.com, elcierredigital.com, mpr21.info, latribunadeespana.com, medicosporlaverdad.es, pubmed.ncbi.nlm.nih.gov, www.mediterraneodigital.com, www.periodistadigital.com","youtube.com, lanaciondigital.es, alertadigital.com, elcierredigital.com, mpr21.info, latribunadeespana.com, medicosporlaverdad.es, mediterraneodigital.com, nih.gov, periodistadigital.com"
37,37,34,"2,00",80657,0.124397299903568,4,NA,0,2,0,4,4,0.523809523809524,0.523809523809524,S,BGR,Anti Borissov,"www.youtube.com, www.budnaera.com, news-for-friends.com, latableronde.over-blog.com","youtube.com, budnaera.com, news-for-friends.com, over-blog.com"
38,38,35,"2,00",12451.5,0.124633431085044,4,NA,0,2,0,4,4,0.641025641025641,0.641025641025641,S,CAN,Soft News/ Miscellaneous ,"www.youtube.com, thecanadianreport.ca, lereveilcitoyen.fr, www.anguillesousroche.com","youtube.com, thecanadianreport.ca, anguillesousroche.com, lereveilcitoyen.fr"
39,39,36,2,3614,0.472222222222222,4,NA,0,2,0,5,5,0.111111111111111,0.111111111111111,R,USA,Covid negationist/Political/Health/Paused,"blog.nomorefakenews.com, davidicke.com, healthimpactnews.com, www.dr-rath-foundation.org, www.youtube.com","davidicke.com, dr-rath-foundation.org, healthimpactnews.com, nomorefakenews.com, youtube.com"
4,4,4,"2,00",1646,0.216194331983806,4,NA,0,2,0,5,5,0.59375,0.59375,S,CAN,Soft News,"www.youtube.com, welovetrump.com, www.zerohedge.com, cdn.discordapp.com, www.ntd.com","youtube.com, welovetrump.com, zerohedge.com, discordapp.com, ntd.com"
40,40,37,4,449.75,0.355528846153846,4.66666666666667,NA,0,4,0,9,9,0.3828125,0.3828125,S,USA,Pro Conservative,"www.youtube.com, rumble.com, beta.documentcloud.org, www.newsmax.com, www.prageru.com, www.theepochtimes.com, www.lifesitenews.com, 4windsusa.com, www.dr-rath-foundation.org","youtube.com, rumble.com, documentcloud.org, newsmax.com, prageru.com, theepochtimes.com, lifesitenews.com, 4windsusa.com, dr-rath-foundation.org"
41,41,38,"2,00",141830.5,0.12037037037037,4,NA,0,2,0,4,4,0.538461538461539,0.538461538461539,S,PHL,Pro Bongbong Marcos,"www.youtube.com, www.covid19refusers.com, www.happytayo.info, www.bayanko.info","youtube.com, covid19refusers.com, happytayo.info, bayanko.info"
42,42,39,"2,00",9302,0.311740890688259,4,NA,0,2,0,7,7,0.261904761904762,0.261904761904762,S,PER,Pro Opposition,"www.youtube.com, noqreport.com, twitter.com, www.eldiestro.es, www.infobae.com, lamatrixholografica.wordpress.com, www.libertaddigital.com","youtube.com, eldiestro.es, infobae.com, noqreport.com, twitter.com, libertaddigital.com, wordpress.com"
43,43,40,"3,00",117625,0.376984126984127,6.33333333333333,NA,0,3,0,9,9,0.425,0.425,S,TLS,Miscellaneous ,"www.youtube.com, media.wartakota.info, www.kokisehat.com, www.martirnews.com, www.minews.id, www.elitereaders.com, autotekno.sindonews.com, militermeter.com, www.nusapress.com","youtube.com, wartakota.info, kokisehat.com, martirnews.com, minews.id, elitereaders.com, militermeter.com, nusapress.com, sindonews.com"
44,44,41,"2,00",22377.5,0.237639553429027,4,NA,0,2,0,4,4,0.5,0.5,S,PRY,Soft News,"www.youtube.com, gloria.tv, www.alertadigital.com, adribosch.wordpress.com","youtube.com, alertadigital.com, gloria.tv, wordpress.com"
45,45,42,"5,00",53243.4,0.394017094017094,4,NA,0,5,0,5,5,0.456521739130435,0.456521739130435,S,IDN,Soft News,"www.youtube.com, batamclick.com, www.law-justice.co, www.alumni212.id, garutplus.co.id","youtube.com, batamclick.com, law-justice.co, alumni212.id, garutplus.co.id"
46,46,43,"3,00",79616,0.345029239766082,4,NA,0,3,0,9,9,0.490384615384615,0.490384615384615,S,LKA,Pro Govt,"www.youtube.com, www.dr-rath-foundation.org, newshub.lk, www.lankahotnews.net, www.slstory.com, video.lankaonline.info, www.lankavlog.com, www.nethgossip.lk, www.thetruth.lk","youtube.com, dr-rath-foundation.org, lankahotnews.net, newshub.lk, slstory.com, lankaonline.info, lankavlog.com, nethgossip.lk, thetruth.lk"
47,47,44,"2,00",10310,0.142647058823529,9,NA,0,2,0,12,12,0.519061583577712,0.519061583577712,S,SRB,Anti West ,"webtribune.rs, www.youtube.com, www.conservativebeaver.com, ucentar.rs, www.herceg-bosna.com, darkoutpost.com, deaddeath.com, freshpress.info, istinomprotivlazi.info, portal.braniteljski-forum.com, srbin.info, www.intermagazin.rs","webtribune.rs, youtube.com, conservativebeaver.com, herceg-bosna.com, ucentar.rs, braniteljski-forum.com, darkoutpost.com, deaddeath.com, freshpress.info, intermagazin.rs, istinomprotivlazi.info, srbin.info"
48,48,45,5,2003.6,0.189819664181366,4.43333333333333,NA,0,5,0,15,15,0.271428571428572,0.271428571428572,S,USA,Pro Republicans ,"www.youtube.com, summit.news, thefederalist.com, www.thegatewaypundit.com, www.nowtheendbegins.com, www.thecollegefix.com, conservativebase.com, thefederalistpapers.org, welovetrump.com, www.intellihub.com, www.lifesitenews.com, www.oann.com, www.rushlimbaugh.com, i.redd.it, politicalhotwire.com","youtube.com, summit.news, thefederalist.com, thegatewaypundit.com, nowtheendbegins.com, thecollegefix.com, conservativebase.com, intellihub.com, lifesitenews.com, oann.com, rushlimbaugh.com, thefederalistpapers.org, welovetrump.com, politicalhotwire.com, redd.it"
49,49,46,"2,00",690,0.400641025641026,4,NA,0,2,0,3,3,0.4,0.4,S,FRA,Pro Nationalism ,"www.youtube.com, dissinews.wordpress.com, latableronde.over-blog.com","youtube.com, over-blog.com, wordpress.com"
5,5,5,"128,00",23422.8046875,0.315280852112125,4.8844479565422,NA,0,128,0,112,104,0.911004436443844,0.911109514443357,R,BRA,Pro Bolsonaro,"www.youtube.com, mudaguapi.com.br, vimeo.com, www.midiafive.com, comunidade.f7noticias.com, conexaopolitica.com.br, www.tercalivre.com.br, escapuliu.com.br, www.estudosnacionais.com, gazetabrasil.com.br, anonymousincision.wordpress.com, brasilsemmedo.com, terrabrasilnoticias.com, www.jornal21brasil.com.br, revistaoeste.com, criticanacional.com.br, www.oriundi.net, gazetaconservadora.com.br, www.archivezap.live, www.renews.com.br, fleekus.com, caldeiraopolitico.com.br, nomomento.net, www.jornal316.com.br, jovempan.com.br, portalbr7.com, www.tvcidadenews.com.br, blogdoulhoa.com.br, cartapiaui.com.br, portalnovonorte.com.br, www.diariodobrasil.org, www.jornaldopais.com.br, www.tribunadiaria.com.br, agazetta.com.br, agoranoticiasbrasil.com.br, avancabrasil.site, covidtemtratamentosim.com.br, mciradio.com.br, midiasemmascara.net, pleno.news, publicabrasil.com, renovamidia.com.br, rothbardbrasil.com, tecblognews.wordpress.com, www.jornaldacidadeonline.com.br, canalgama.com.br, diariodopoder.com.br, www.agoraparana.com.br, www.estibordo.org, www.folhacentrosul.com.br, diariodobrasil.org, federalinquirer.com, presidentebolsonaro.com, www.agoranoticiasbrasil.com.br, www.bombeirosdf.com.br, www.noticiariobrasil.com.br, www.rsagora.com.br, www.zerohedge.com, adrianoroberto.blog.br, gazetainformante.wordpress.com, gmundonews.com.br, relevante.news, revistatercalivre.com.br, tercalivre.com.br, tribunanacional.com.br, www.bitchute.com, www.blitzamazonico.com.br, www.coletividade-evolutiva.com.br, www.direitacurvelo.com.br, www.gazetadopovo.com.br, www.hispantv.com, www.opiniaocritica.com.br, www.semprequestione.com, www.thecollegefix.com, ac24horas.com, blogfolhadocomercio.com.br, bocadopovonews.com.br, boletimdobrasil.com, br.hojenoticias.com.br, brasilagora.net.br, conservadornoticias.wordpress.com, estudosnacionais.com, forum.politz.com.br, halturnerradioshow.com, hojenoticias.com.br, intervencionistas.home.blog, m.epochtimes.com.br, mgsnewstvcombr.com.br, noticias.foleto.com.br, noticiasdedireita.com, noticiasrecentes.com.br, oalerta.com.br, portalmaratimba.com.br, revistaamazonia.com.br, saiunamidiabahia.com, sensoincomum.org, twitter.com, www.acontecenors.com.br, www.agenciadobrasil.com, www.caneta.org, www.clesio.net, www.conservativebeaver.com, www.dfmobilidade.com.br, www.gospelprime.com.br, www.infocors.com.br, www.mercadosporpinchas.com, www.movimentodireitaceara.com, www.newsatual.com, www.ocongresso.com, www.palmasaqui.com.br, www.theepochtimes.com, www.tiliasnews.com","youtube.com, mudaguapi.com.br, vimeo.com, midiafive.com, f7noticias.com, wordpress.com, tercalivre.com.br, conexaopolitica.com.br, estudosnacionais.com, escapuliu.com.br, gazetabrasil.com.br, brasilsemmedo.com, terrabrasilnoticias.com, jornal21brasil.com.br, revistaoeste.com, criticanacional.com.br, oriundi.net, archivezap.live, gazetaconservadora.com.br, renews.com.br, fleekus.com, caldeiraopolitico.com.br, diariodobrasil.org, nomomento.net, agoranoticiasbrasil.com.br, jornal316.com.br, jovempan.com.br, portalbr7.com, tvcidadenews.com.br, blogdoulhoa.com.br, cartapiaui.com.br, jornaldopais.com.br, portalnovonorte.com.br, tribunadiaria.com.br, agazetta.com.br, avancabrasil.site, covidtemtratamentosim.com.br, jornaldacidadeonline.com.br, mciradio.com.br, midiasemmascara.net, pleno.news, publicabrasil.com, renovamidia.com.br, rothbardbrasil.com, agoraparana.com.br, canalgama.com.br, diariodopoder.com.br, estibordo.org, folhacentrosul.com.br, bombeirosdf.com.br, federalinquirer.com, noticiariobrasil.com.br, presidentebolsonaro.com, rsagora.com.br, zerohedge.com, adrianoroberto.blog.br, bitchute.com, blitzamazonico.com.br, coletividade-evolutiva.com.br, direitacurvelo.com.br, gazetadopovo.com.br, gmundonews.com.br, hispantv.com, hojenoticias.com.br, opiniaocritica.com.br, relevante.news, revistatercalivre.com.br, semprequestione.com, thecollegefix.com, tribunanacional.com.br, ac24horas.com, acontecenors.com.br, agenciadobrasil.com, blogfolhadocomercio.com.br, bocadopovonews.com.br, boletimdobrasil.com, brasilagora.net.br, caneta.org, clesio.net, conservativebeaver.com, dfmobilidade.com.br, epochtimes.com.br, foleto.com.br, gospelprime.com.br, halturnerradioshow.com, home.blog, infocors.com.br, mercadosporpinchas.com, mgsnewstvcombr.com.br, movimentodireitaceara.com, newsatual.com, noticiasdedireita.com, noticiasrecentes.com.br, oalerta.com.br, ocongresso.com, palmasaqui.com.br, politz.com.br, portalmaratimba.com.br, revistaamazonia.com.br, saiunamidiabahia.com, sensoincomum.org, theepochtimes.com, tiliasnews.com, twitter.com"
50,50,47,"2,00",21524,0.294063079777366,4,NA,0,2,0,7,7,0.2,0.2,S,UKR,Nationalist ,"shock-news.site, bbcccnn.org, kiev.bulava.biz.ua, proua.com.ua, www.bitchute.com, www.youtube.com, ua-in.info","shock-news.site, bbcccnn.org, bitchute.com, bulava.biz.ua, proua.com.ua, youtube.com, ua-in.info"
51,51,48,"5,00",9507.2,0.160757503967269,4.16666666666667,NA,0,5,0,16,16,0.30962962962963,0.30962962962963,S,HRV,Miscellaneous (Sensationalism),"istinomprotivlazi.com, www.youtube.com, flash.hr, promise.hr, flashvesti.info, normabel.com, portal.braniteljski-forum.com, www.paraf.hr, direktno.hr, istinomprotivlazi.info, teleskop.hr, tribun.hr, www.sloboda.hr, childrenshealthdefense.org, leaderssummit, www.logicno.com","istinomprotivlazi.com, youtube.com, flash.hr, promise.hr, braniteljski-forum.com, flashvesti.info, normabel.com, paraf.hr, direktno.hr, istinomprotivlazi.info, sloboda.hr, teleskop.hr, tribun.hr, childrenshealthdefense.org, logicno.com, NA.NA"
52,52,49,"2,00",10685,0.164324100868127,6,NA,0,2,0,4,4,0.533333333333333,0.533333333333333,R,HRV,Conspiracists and pro Ivan Pernar,"2012-transformacijasvijesti.com, www.youtube.com, www.logicno.com, www.hop.com.hr","2012-transformacijasvijesti.com, youtube.com, logicno.com, hop.com.hr"
53,53,50,"2,00",3904.5,0.414285714285714,4,NA,0,2,0,6,6,0.16,0.16,S,TWN,Soft News,"tw.aboluowang.com, vdo-go.com, www.ntdtv.com, www.youtube.com, apple01.co, www.dr-rath-foundation.org","aboluowang.com, ntdtv.com, vdo-go.com, youtube.com, apple01.co, dr-rath-foundation.org"
54,54,51,2,960,0.272911051212938,5,NA,1,1,0,6,6,0.173333333333333,0.173333333333333,S,USA,Soft News,"vaccineimpact.com, www.youtube.com, healthimpactnews.com, www.iceagenow.info, www.infowars.com, www.ronpaulinstitute.org","vaccineimpact.com, youtube.com, healthimpactnews.com, iceagenow.info, infowars.com, ronpaulinstitute.org"
55,55,52,"4,00",5435.5,0.212869504732461,5.25,NA,0,4,0,16,16,0.54375,0.54375,S,NOR,Right wing (Conservatisme),"www.youtube.com, www.bitchute.com, humansarefree.com, www.newsmax.com, www.thegatewaypundit.com, halturnerradioshow.com, principia-scientific.com, realrawnews.com, rumble.com, spectator.us, www.nyatider.nu, www.theepochtimes.com, www.worldviewweekend.com, arizonadailyindependent.com, thejewishcollective.home.blog, www.derimot.no","youtube.com, bitchute.com, humansarefree.com, newsmax.com, thegatewaypundit.com, halturnerradioshow.com, nyatider.nu, principia-scientific.com, realrawnews.com, rumble.com, spectator.us, theepochtimes.com, worldviewweekend.com, arizonadailyindependent.com, derimot.no, home.blog"
56,56,53,2,1375,0.15625,4,NA,0,2,0,3,3,0.2,0.2,S,USA,Far-right religious ,"vaccineimpact.com, www.youtube.com, rumble.com","vaccineimpact.com, youtube.com, rumble.com"
57,57,54,2,217.5,0.275757575757576,4,NA,0,2,0,4,4,0.142857142857143,0.142857142857143,R,USA,Right wing,"newsla.localad.com, www.thegatewaypundit.com, www.youtube.com, www.lifesitenews.com","localad.com, thegatewaypundit.com, youtube.com, lifesitenews.com"
58,58,55,"2,00",4776.5,0.212280701754386,4,NA,0,2,0,5,5,0.35,0.35,S,UKR,Nationalist,"www.youtube.com, elise.com.ua, versia.ru, haqqin.az, www.ar25.org","youtube.com, elise.com.ua, versia.ru, ar25.org, haqqin.az"
59,59,56,2,4152,0.15987273811891,4,NA,0,2,0,8,8,0.416666666666667,0.416666666666667,R,USA,covid negationists,"rumble.com, childrenshealthdefense.org, www.youtube.com, covidcalltohumanity.org, therightscoop.com, www.americanthinker.com, murderbydecree.com, www.bitchute.com","rumble.com, childrenshealthdefense.org, youtube.com, americanthinker.com, covidcalltohumanity.org, therightscoop.com, bitchute.com, murderbydecree.com"
6,6,5,"194,00",34340.1030927835,0.279744864094491,4.89813003812457,NA,0,194,0,139,129,0.84851019187951,0.862455707415844,R,BRA,Pro Bolsonaro,"www.youtube.com, www.tercalivre.com.br, comunidade.f7noticias.com, criticanacional.com.br, www.diariodobrasil.org, www.midiafive.com, conexaopolitica.com.br, vimeo.com, michelsonborges.wordpress.com, caldeiraopolitico.com.br, www.estudosnacionais.com, gazetabrasil.com.br, brasilsemmedo.com, www.jornal21brasil.com.br, www.noticiariobrasil.com.br, estudosnacionais.com, revistaoeste.com, tecblognews.wordpress.com, avancabrasil.site, www.jornaldacidadeonline.com.br, www.jornaldopais.com.br, www.agoraparana.com.br, www.gazetadopovo.com.br, mudaguapi.com.br, anonymousincision.wordpress.com, fleekus.com, www.folhacentrosul.com.br, canalgama.com.br, escapuliu.com.br, www.movimentodireitaceara.com, diariodopoder.com.br, gazetainformante.wordpress.com, jovempan.com.br, terrabrasilnoticias.com, blogfoconews.wordpress.com, gazetaconservadora.com.br, blogfolhadocomercio.com.br, tercalivre.com.br, www.jornal316.com.br, portalbr7.com, rothbardbrasil.com, www.oriundi.net, mciradio.com.br, pleno.news, renovamidia.com.br, www.estibordo.org, www.renews.com.br, www.zerohedge.com, bocadopovonews.com.br, www.palmasaqui.com.br, www.blogismaelsousa.com.br, www.caneta.org, www.wnd.com, revistaamazonia.com.br, www.ocongresso.com, www.tribunadiaria.com.br, conservadornoticias.wordpress.com, diariodobrasil.org, expressodiario.com, matrizinovadora.com.br, portalnovonorte.com.br, sensoincomum.org, tribunanacional.com.br, www.oantagonista.com, www.opiniaocritica.com.br, midiasemmascara.net, www.diarioconservador.org, www.tiliasnews.com, aconteceagora.com.br, adrianoroberto.blog.br, agoranoticiasbrasil.com.br, brasilagora.net.br, federalinquirer.com, noticiasrecentes.com.br, oalerta.com.br, www.clesio.net, www.deolhonews.com.br, www.newsatual.com, www.saharamedias.net, ac24horas.com, cartapiaui.com.br, forum.politz.com.br, publicabrasil.com, revistatercalivre.com.br, vilogogostei.com, www.bitchute.com, www.bombeirosdf.com.br, www.comprerural.com, www.semprequestione.com, www.thegatewaypundit.com, www.tvcidadenews.com.br, blogdosanharol.blogspot.com, blogdoulhoa.com.br, covidtemtratamentosim.com.br, fonte83.com.br, gmundonews.com.br, intervencionistas.home.blog, mgsnewstvcombr.com.br, mixmisturado.com, mpiaui.com.br, plantaoaovivo.com.br, presidentebolsonaro.com, www.apostagem.com.br, www.archivezap.live, www.breitbart.com, www.coletividade-evolutiva.com.br, www.direitacurvelo.com.br, www.direitapolitica.com, www.gilmorehealth.com, www.hispantv.com, www.infobae.com, www.thecollegefix.com, xvcuritiba.com.br, amhoje.com.br, boletimdobrasil.com, br.hojenoticias.com.br, gaudiumpress.org, hojenoticias.com.br, m.epochtimes.com.br, nomomento.net, noticias.foleto.com.br, noticiasdedireita.com, oterritorio.com.br, padrepauloricardo.org, portalcm7.com, portalmaratimba.com.br, questione-se.com, relevante.news, saiunamidiabahia.com, summit.news, twitter.com, www.agoranoticiasbrasil.com.br, www.conservativebeaver.com, www.contrafatos.com.br, www.dfmobilidade.com.br, www.gospelprime.com.br, www.mercadosporpinchas.com, www.rsagora.com.br, www.stylourbano.com.br","youtube.com, tercalivre.com.br, f7noticias.com, wordpress.com, criticanacional.com.br, estudosnacionais.com, diariodobrasil.org, midiafive.com, conexaopolitica.com.br, vimeo.com, caldeiraopolitico.com.br, gazetabrasil.com.br, brasilsemmedo.com, jornal21brasil.com.br, noticiariobrasil.com.br, revistaoeste.com, avancabrasil.site, jornaldacidadeonline.com.br, jornaldopais.com.br, agoraparana.com.br, gazetadopovo.com.br, mudaguapi.com.br, fleekus.com, folhacentrosul.com.br, canalgama.com.br, escapuliu.com.br, movimentodireitaceara.com, diariodopoder.com.br, jovempan.com.br, terrabrasilnoticias.com, gazetaconservadora.com.br, blogfolhadocomercio.com.br, jornal316.com.br, oriundi.net, portalbr7.com, rothbardbrasil.com, estibordo.org, mciradio.com.br, pleno.news, renews.com.br, renovamidia.com.br, zerohedge.com, bocadopovonews.com.br, palmasaqui.com.br, blogismaelsousa.com.br, caneta.org, wnd.com, ocongresso.com, revistaamazonia.com.br, tribunadiaria.com.br, expressodiario.com, matrizinovadora.com.br, oantagonista.com, opiniaocritica.com.br, portalnovonorte.com.br, sensoincomum.org, tribunanacional.com.br, agoranoticiasbrasil.com.br, diarioconservador.org, midiasemmascara.net, tiliasnews.com, aconteceagora.com.br, adrianoroberto.blog.br, brasilagora.net.br, clesio.net, deolhonews.com.br, federalinquirer.com, newsatual.com, noticiasrecentes.com.br, oalerta.com.br, saharamedias.net, ac24horas.com, bitchute.com, bombeirosdf.com.br, cartapiaui.com.br, comprerural.com, politz.com.br, publicabrasil.com, revistatercalivre.com.br, semprequestione.com, thegatewaypundit.com, tvcidadenews.com.br, vilogogostei.com, apostagem.com.br, archivezap.live, blogdosanharol.blogspot.com, blogdoulhoa.com.br, breitbart.com, coletividade-evolutiva.com.br, covidtemtratamentosim.com.br, direitacurvelo.com.br, direitapolitica.com, fonte83.com.br, gilmorehealth.com, gmundonews.com.br, hispantv.com, hojenoticias.com.br, home.blog, infobae.com, mgsnewstvcombr.com.br, mixmisturado.com, mpiaui.com.br, plantaoaovivo.com.br, presidentebolsonaro.com, thecollegefix.com, xvcuritiba.com.br, amhoje.com.br, boletimdobrasil.com, conservativebeaver.com, contrafatos.com.br, dfmobilidade.com.br, epochtimes.com.br, foleto.com.br, gaudiumpress.org, gospelprime.com.br, mercadosporpinchas.com, nomomento.net, noticiasdedireita.com, oterritorio.com.br, padrepauloricardo.org, portalcm7.com, portalmaratimba.com.br, questione-se.com, relevante.news, rsagora.com.br, saiunamidiabahia.com, stylourbano.com.br, summit.news, twitter.com"
60,60,57,"4,00",74314,0.137987407122986,4,NA,0,4,0,10,10,0.47008547008547,0.47008547008547,S,BRA,Pro Opposition ,"aconteceagora.com.br, www.jornalavozdearaxa.com.br, www.youtube.com, www.esmaelmorais.com.br, blogdacidadania.com.br, www.diariodocentrodomundo.com.br, www.esquerdadiario.com.br, correiodaamazonia.com, gauchadiario.home.blog, www.folhaimpacto.com.br","aconteceagora.com.br, jornalavozdearaxa.com.br, youtube.com, esmaelmorais.com.br, blogdacidadania.com.br, diariodocentrodomundo.com.br, esquerdadiario.com.br, correiodaamazonia.com, folhaimpacto.com.br, home.blog"
61,61,58,2,2026.5,0.170454545454545,4,NA,0,2,0,3,3,0.636363636363636,0.636363636363636,S,USA,Pro Trump,"www.thegatewaypundit.com, therightscoop.com, www.youtube.com","thegatewaypundit.com, therightscoop.com, youtube.com"
62,62,59,"2,00",13025.5,0.375,4,NA,0,2,0,5,5,0.272727272727273,0.272727272727273,R,HKG,hong kong people in canada against china,"www.youtube.com, news.ltn.com.tw, vdo-go.com, www.gilmorehealth.com, www.secretchina.com","youtube.com, gilmorehealth.com, ltn.com.tw, vdo-go.com, secretchina.com"
63,63,60,"2,00",63683.5,0.464285714285714,5,FR,2,0,0,5,5,0.535714285714286,0.535714285714286,S,FRA,Democracy Vocal news,"www.youtube.com, www.breitbart.com, www.pourquoidocteur.fr, www.francetvinfo.fr, www.gj-magazine.com","youtube.com, breitbart.com, pourquoidocteur.fr, francetvinfo.fr, gj-magazine.com"
64,64,61,"2,00",15496,0.144230769230769,4,NA,0,2,0,6,6,0.306666666666667,0.306666666666667,S,HRV,Nationalist ,"www.paraf.hr, www.youtube.com, istinomprotivlazi.info, normabel.com, www.logicno.com, topdanas.com","paraf.hr, youtube.com, istinomprotivlazi.info, logicno.com, normabel.com, topdanas.com"
65,65,62,"2,00",80405,0.280172413793103,4,NA,0,2,0,9,9,0.233333333333333,0.233333333333333,S,PER,"Miscellaneous 
","gauchadiario.home.blog, medicalkidnap.com, mpr21.info, www.elindependiente.sv, www.youtube.com, favoritosalud.com, opanoticias.com, plataforma.quieroauditoriaenergetica.org, www.lechuguinos.com","home.blog, elindependiente.sv, medicalkidnap.com, mpr21.info, youtube.com, favoritosalud.com, lechuguinos.com, opanoticias.com, quieroauditoriaenergetica.org"
66,66,63,"2,00",85741,0.279727095516569,4,NA,0,2,0,11,11,0.222222222222222,0.222222222222222,S,NGA,Soft News,"www.youtube.com, dailytimetv.com, sundiatapost.com, www.currentnewsnow.com, www.habaklef.com.ng, www.maymaygist.com, exclusive103.com, kbjojo.wordpress.com, sportinglife.ng, thebiafrastar.com, www.newsflashngr.com","youtube.com, currentnewsnow.com, dailytimetv.com, habaklef.com.ng, maymaygist.com, sundiatapost.com, exclusive103.com, newsflashngr.com, sportinglife.ng, thebiafrastar.com, wordpress.com"
67,67,64,"3,00",4537.66666666667,0.221949891067538,4,NA,0,3,0,9,9,0.404761904761905,0.404761904761905,S,SWE,Nationalistic News (Conspiracist),"www.youtube.com, greatgameindia.com, www.dr-rath-foundation.org, themarshallreport.wordpress.com, www.bitchute.com, 2020electioncenter.com, ekoappen.se, rumble.com, www.conservativebeaver.com","youtube.com, greatgameindia.com, dr-rath-foundation.org, bitchute.com, wordpress.com, 2020electioncenter.com, conservativebeaver.com, ekoappen.se, rumble.com"
68,68,65,4,19082.75,0.488636363636364,8.83333333333333,NA,4,0,0,12,12,0.223140495867769,0.223140495867769,S,USA,News/Talk Shows/Criticisms,"rumble.com, beta.documentcloud.org, directorblue.blogspot.com, noqreport.com, thefederalist.com, www.stevegruber.com, www.thegatewaypundit.com, www.wsj.com, amp.washingtontimes.com, babylonbee.com, www.foxnews.com, www.youtube.com","rumble.com, directorblue.blogspot.com, documentcloud.org, noqreport.com, stevegruber.com, thefederalist.com, thegatewaypundit.com, wsj.com, babylonbee.com, foxnews.com, washingtontimes.com, youtube.com"
69,69,66,"2,00",10251.5,0.295138888888889,4,NA,0,2,0,9,9,0.233333333333333,0.233333333333333,R,PER,Populists against President Castillo (probably right-wing),"www.youtube.com, adribosch.wordpress.com, noqreport.com, twitter.com, www.infobae.com, gestion.pe, manifiestoperu.com, www.actuall.com, www.westonaprice.org","youtube.com, infobae.com, noqreport.com, twitter.com, wordpress.com, actuall.com, gestion.pe, manifiestoperu.com, westonaprice.org"
7,7,6,"9,00",37607.7777777778,0.190635590600177,4.87037037037037,NA,0,9,0,28,28,0.468660968660969,0.468660968660969,R,ESP,conspiracists and negationists,"www.youtube.com, medicosporlaverdad.es, elcorreodeespana.com, justthenews.com, mpr21.info, www.elindependiente.sv, loveotv.com, elinvestigador.org, euskalnews.com, rumble.com, www.alertadigital.com, www.alertanacional.es, www.eldiestro.es, www.rt.com, gloria.tv, primerinforme.com, www.extranotix.com, www.infobae.com, www.periodistadigital.com, adribosch.wordpress.com, astillasderealidad.blogspot.com, elarconte.com, plataforma.quieroauditoriaenergetica.org, pubmed.ncbi.nlm.nih.gov, summit.news, www.despiertainfo.com, www.thegatewaypundit.com, www.zerohedge.com","youtube.com, medicosporlaverdad.es, elcorreodeespana.com, elindependiente.sv, justthenews.com, mpr21.info, loveotv.com, alertadigital.com, alertanacional.es, elinvestigador.org, euskalnews.com, rumble.com, eldiestro.es, rt.com, extranotix.com, gloria.tv, infobae.com, periodistadigital.com, primerinforme.com, astillasderealidad.blogspot.com, despiertainfo.com, elarconte.com, nih.gov, quieroauditoriaenergetica.org, summit.news, thegatewaypundit.com, wordpress.com, zerohedge.com"
70,70,67,"2,00",40062.5,0.243589743589744,4,NA,0,2,0,6,6,0.16,0.16,S,PER,Soft News,"medicalkidnap.com, noqreport.com, twitter.com, www.mentealternativa.com, mpr21.info, www.youtube.com","medicalkidnap.com, mentealternativa.com, noqreport.com, twitter.com, mpr21.info, youtube.com"
71,71,68,2,269.5,0.392307692307692,4,NA,0,2,0,5,5,0.111111111111111,0.111111111111111,S,USA,Right Wing,"conservative-daily.com, www.ourgreatawakening.org, www.thegatewaypundit.com, www.youtube.com, politicalchatter.com","conservative-daily.com, ourgreatawakening.org, thegatewaypundit.com, youtube.com, politicalchatter.com"
72,72,69,2,3401,0.166279069767442,10,NA,0,2,0,8,8,0.333333333333333,0.333333333333333,S,USA,News/Infoenation about Medicine and sanitaires ,"www.bitchute.com, childrenshealthdefense.org, summit.news, thehighwire.com, truepundit.com, www.thegatewaypundit.com, www.youtube.com, www.lifesitenews.com","bitchute.com, childrenshealthdefense.org, summit.news, thegatewaypundit.com, thehighwire.com, truepundit.com, youtube.com, lifesitenews.com"
73,73,70,"4,00",310318.5,0.339031862745098,4,NA,0,4,0,18,17,0.259515570934256,0.261029411764706,S,COG,Soft News (,"www.congoforum.be, africaxo.online, www.lebledparle.com, www.saharamedias.net, beninwebtv.com, libreopinionguinee.com, oceanguinee.com, phenomene.over-blog.com, scooprdc.net, www.24jours.com, www.politico.cd, cityscrollz.com, gnadoemagazine.com, latableronde.over-blog.com, www.afrikmag.com, www.cnews.fr, www.liberteplus.net, www.youtube.com","congoforum.be, africaxo.online, lebledparle.com, over-blog.com, saharamedias.net, 24jours.com, beninwebtv.com, libreopinionguinee.com, oceanguinee.com, politico.cd, scooprdc.net, afrikmag.com, cityscrollz.com, cnews.fr, gnadoemagazine.com, liberteplus.net, youtube.com"
74,74,71,14,503799.285714286,0.446536796536797,4.2032412032412,US,14,0,0,2,2,0.6875,0.6875,R,USA,American right supporter (Mostly pro trump but not only),"www.westernjournal.com, www.dailywire.com","westernjournal.com, dailywire.com"
75,75,72,8,169279.875,0.406514241425029,10.28125,US,8,0,0,3,3,0.945945945945946,0.945945945945946,S,USA,Right Wing,"gellerreport.com, www.waynedupree.com, www.thegatewaypundit.com","gellerreport.com, waynedupree.com, thegatewaypundit.com"
76,76,73,16,13860.5,0.4872557997558,5.1,US,16,0,0,5,5,0.181818181818182,0.181818181818182,R,USA,Republican Supporters,"www.dailywire.com, dailycaller.com, thefederalist.com, www.washingtontimes.com, ntknetwork.com","dailywire.com, dailycaller.com, thefederalist.com, washingtontimes.com, ntknetwork.com"
77,77,74,"9,00",175370.333333333,0.5,4,CH,9,0,0,3,3,0.4,0.4,R,CHE,Soft news Entertainment,"www.waouh.tv, www.viously.com, www.waouh.com","waouh.tv, viously.com, waouh.com"
78,78,75,"2,00",173789.5,0.362359550561798,5,PT,2,0,0,1,1,1,1,S,PRT,"Miscellaneous
",www.tuga.press,tuga.press
79,79,76,"2,00",140582.5,0.472222222222222,4,NL,2,0,0,1,1,1,1,R,NLD,Soft News,www.tipsenweetjes.nl,tipsenweetjes.nl
8,8,7,2,4126.5,0.260190217391304,5,NA,0,2,0,6,6,0.48,0.48,S,USA,Pro Alex Jones,"www.youtube.com, www.greenmedinfo.com, needtoknow.news, www.bitchute.com, www.zerohedge.com, www.thegatewaypundit.com","youtube.com, greenmedinfo.com, bitchute.com, needtoknow.news, zerohedge.com, thegatewaypundit.com"
80,80,77,3,2273.33333333333,0.335497835497836,4,NA,0,3,0,5,5,0.366666666666667,0.366666666666667,S,USA,Pro Trump,"beforeitsnews.com, themarshallreport.wordpress.com, www.thegatewaypundit.com, rumble.com, trendingpolitics.com","beforeitsnews.com, thegatewaypundit.com, wordpress.com, rumble.com, trendingpolitics.com"
81,81,78,3,1709,0.204904190791288,4.66666666666667,NA,1,2,0,3,3,0.76923076923077,0.76923076923077,S,USA,Pro Conservative,"www.thegatewaypundit.com, www.americanthinker.com, www.stevegruber.com","thegatewaypundit.com, americanthinker.com, stevegruber.com"
82,82,79,2,1058.5,0.230263157894737,4,NA,0,2,0,3,3,0.25,0.25,S,USA,Pro Republican,"www.thegatewaypundit.com, dailycitizen.focusonthefamily.com, nbc25news.com","thegatewaypundit.com, focusonthefamily.com, nbc25news.com"
83,83,80,9,790.222222222222,0.477777777777778,4,NA,9,0,0,4,4,0.393939393939394,0.393939393939394,S,USA,Pro Republican,"www.theblaze.com, www.oann.com, www.lewrockwell.com, madworldnews.com","theblaze.com, oann.com, lewrockwell.com, madworldnews.com"
84,84,81,"8,00",164472.375,0.5,4.88392857142857,IT,8,0,0,4,4,0.685823754789272,0.685823754789272,R,ITA,clickbaiting sensationalism (also right wing),"www.tg24-ore.com, www.tg-news24.com, curiosity-online.com, notiziarioonline360.com","tg24-ore.com, tg-news24.com, curiosity-online.com, notiziarioonline360.com"
85,85,82,"3,00",10300.3333333333,0.230009496676163,4.5,NA,0,3,0,3,3,0.7,0.7,S,COL,Pro Rodolf (anti-petro),"elnodo.co, www.protestum.com, spark.adobe.com","elnodo.co, protestum.com, adobe.com"
86,86,83,"2,00",1469.5,0.331269349845201,5,NA,0,2,0,6,6,9.99200722162641e-17,9.99200722162641e-17,S,ESP,Politics/Culture/ Entertainment ,"nuestrarioja.com, okdiario.com, trikooba.com, www.alertanacional.es, www.esdiario.com, www.libertaddigital.com","alertanacional.es, esdiario.com, libertaddigital.com, nuestrarioja.com, okdiario.com, trikooba.com"
87,87,84,"2,00",9397,0.445054945054945,6,NA,1,1,0,1,1,1,1,S,ESP,Politics/Culture/ Social,www.eldiestro.es,eldiestro.es
88,88,85,3,1178674.66666667,0.432996632996633,4,US,3,0,0,4,4,0.333333333333333,0.333333333333333,R,USA,Right wing,"www.davidharrisjr.com, news.americanewscentral.com, www.americanewshub.com, www.digitalnewsalerts.com","davidharrisjr.com, americanewscentral.com, americanewshub.com, digitalnewsalerts.com"
89,89,86,3,4372847,0.315735699401761,8,US,3,0,0,1,1,1,1,S,USA,Verified Account ,www.dailywire.com,dailywire.com
9,9,8,"37,00",38755.4864864865,0.261606183830383,4.47891848196398,NA,0,37,0,50,48,0.618572319757598,0.627148564526619,R,COL,Pro Gustavo Petro (left-wing politician),"revistapolitica.co, www.youtube.com, www.voces.co, www.colombiaindignada.com, channelplus.news, machoalfaseguridad.com, www.periodicosenxura.com, alpunto.com.co, www.abcpolitica.com, pulsociudadano.org, diariolalibertad.com, voces.co, www.las2orillas.co, gauchadiario.home.blog, www.noticiascolombia.website, web.elpregonar.co, www.lechuguinos.com, pluralidadz.com, www.lapiragua.co, opanoticias.com, www.upsocl.com, lamatrixholografica.wordpress.com, www.bibliatodo.com, www.elcolombiano.com, www.minuto30.com, www.semana.com, emisoraatlantico.com.co, modonoticia.com, voces.com.co, www.publimetro.co, www.tunota.com, actualidad.rt.com, canal44.com, carteldiario.com, chaco24noticias.medios.com.ar, europeansworldwide.wordpress.com, plataforma.quieroauditoriaenergetica.org, seunonoticias.mx, www.diariocambio.com.mx, www.zarafa.si, chileokulto.com, colombianoindignado.com, insurgente.org, libertaddigital.news, miravecali.net, www.hispantv.com, www.mentealternativa.com, www.periodicoelprogreso.com, www.solopaisas.com.co, www.telesurtv.net","revistapolitica.co, voces.co, youtube.com, colombiaindignada.com, channelplus.news, machoalfaseguridad.com, periodicosenxura.com, alpunto.com.co, abcpolitica.com, pulsociudadano.org, diariolalibertad.com, las2orillas.co, home.blog, noticiascolombia.website, elpregonar.co, lechuguinos.com, lapiragua.co, pluralidadz.com, wordpress.com, opanoticias.com, upsocl.com, bibliatodo.com, elcolombiano.com, minuto30.com, semana.com, emisoraatlantico.com.co, modonoticia.com, publimetro.co, tunota.com, voces.com.co, canal44.com, carteldiario.com, diariocambio.com.mx, medios.com.ar, quieroauditoriaenergetica.org, rt.com, seunonoticias.mx, zarafa.si, chileokulto.com, colombianoindignado.com, hispantv.com, insurgente.org, libertaddigital.news, mentealternativa.com, miravecali.net, periodicoelprogreso.com, solopaisas.com.co, telesurtv.net"
90,90,87,4,363802.75,0.482142857142857,4.33333333333333,US,4,0,0,2,2,0.578947368421053,0.578947368421053,S,USA,Conservative/News,"www.dailywire.com, www.bizpacreview.com","dailywire.com, bizpacreview.com"
91,91,88,"2,00",1365.5,0.41421568627451,5,NA,0,2,0,6,6,0.3,0.3,S,DEU,News/Entertainment ,"www.compact-online.de, liebeisstleben.de, philosophia-perennis.com, www.anonymousnews.ru, politikstube.com, www.pi-news.net","compact-online.de, anonymousnews.ru, liebeisstleben.de, philosophia-perennis.com, pi-news.net, politikstube.com"
92,92,89,"2,00",62280,0.329022988505747,4,NA,0,2,0,6,6,0.266666666666667,0.266666666666667,S,NGA,News/event/Community ,"dailytimetv.com, kbjojo.wordpress.com, exclusive103.com, newsreportng.com, cityscrollz.com, rozamyblog.com.ng","dailytimetv.com, wordpress.com, exclusive103.com, newsreportng.com, cityscrollz.com, rozamyblog.com.ng"
93,93,90,"2,00",8787.5,0.454545454545455,5,DE,2,0,0,1,1,1,1,S,DEU,Author/News/Interviews ,dieunbestechlichen.com,dieunbestechlichen.com
94,94,91,4,548505.75,0.184356146304676,6,US,4,0,0,1,1,1,1,S,USA,Pro Republicans ,100percentfedup.com,100percentfedup.com
95,95,92,8,402939.75,0.470328282828283,4.25595238095238,US,8,0,0,5,5,0.205128205128205,0.205128205128205,S,USA,"Miscellaneous (soft news)
","goodfullness.com, awm.com, shareably.co, wetpaintlife.com, www.viralthread.com","goodfullness.com, awm.com, shareably.co, viralthread.com, wetpaintlife.com"
96,96,93,2,323036,0.440804597701149,11,NA,2,0,0,5,5,0.346153846153846,0.346153846153846,S,USA,Pro Democrat ,"redrocktribune.com, dailynewscycle.com, www.dailyinsidernews.com, www.libertyonenews.com, amjoreview.com","redrocktribune.com, dailynewscycle.com, dailyinsidernews.com, libertyonenews.com, amjoreview.com"
97,97,94,2,1480163,0.32051282051282,4,US,2,0,0,4,4,0,0,S,USA,Anti Donald Trump,"nct-info.com, nct-news2.info, new-century.info, news.groopspeak.com","groopspeak.com, nct-info.com, nct-news2.info, new-century.info"
98,98,95,"3,00",168113,0.238139605504714,8.33333333333333,FR,3,0,0,1,1,1,1,S,FRA,Pro Opposition (conservatism),lagauchematuer.fr,lagauchematuer.fr